<?xml version="1.0" encoding="utf-8" standalone="yes"?><rss version="2.0" xmlns:atom="http://www.w3.org/2005/Atom" xmlns:content="http://purl.org/rss/1.0/modules/content/"><channel><title>Infra on Senthil</title><link>https://senthil.nz/tags/infra/</link><description>Recent content in Infra on Senthil</description><generator>Hugo -- 0.145.0</generator><language>en-us</language><lastBuildDate>Mon, 09 Jun 2025 00:00:00 +0000</lastBuildDate><atom:link href="https://senthil.nz/tags/infra/index.xml" rel="self" type="application/rss+xml"/><item><title>Streaming HCP Vault audit logs to Amazon CloudWatch for secure, real-time visibility</title><link>https://senthil.nz/feeds/streaming-hcp-vault-audit-logs-to-amazon-cloudwatch-for-secure-real-time-visibility/</link><pubDate>Mon, 09 Jun 2025 00:00:00 +0000</pubDate><guid>https://senthil.nz/feeds/streaming-hcp-vault-audit-logs-to-amazon-cloudwatch-for-secure-real-time-visibility/</guid><description>&lt;p>You can use &lt;a href="https://developer.hashicorp.com/hcp/docs/hcp/audit-log">HCP Vault Dedicated audit log streaming&lt;/a> to monitor and audit secure access to sensitive services and systems within your infrastructure. In production environments, every interaction with Vault, from reading secrets to generating dynamic credentials, should be tracked to meet compliance and security requirements.&lt;/p>
&lt;p>This post shows how HCP Vault Dedicated audit log streaming can be integrated with &lt;a href="https://docs.aws.amazon.com/AmazonCloudWatch/latest/monitoring/WhatIsCloudWatch.html">Amazon CloudWatch&lt;/a> to forward detailed audit events in real time. With this setup, teams gain centralized visibility into Vault operations, detect unauthorized access patterns, and meet regulatory and operational audit needs all without the overhead of managing custom log forwarding pipelines.&lt;/p></description></item><item><title>Anonymize RAG data in IBM Granite and Ollama using HCP Vault</title><link>https://senthil.nz/feeds/anonymize-rag-data-in-ibm-granite-and-ollama-using-hcp-vault/</link><pubDate>Thu, 05 Jun 2025 00:00:00 +0000</pubDate><guid>https://senthil.nz/feeds/anonymize-rag-data-in-ibm-granite-and-ollama-using-hcp-vault/</guid><description>&lt;p>You can use retrieval augmented generation (RAG) to refine and improve the output of a large language model (LLM) without retraining the model. However, many data sources include sensitive information, such as personal identifiable information (PII), that the LLM and its applications should not require or disclose — but sometimes they do. &lt;/p>
&lt;p>Sensitive information disclosure is one of the OWASP &lt;a href="https://genai.owasp.org/llm-top-10/">2025 Top 10 Risks &amp;amp; Mitigations for LLMs and Gen AI Apps&lt;/a>. For example, an LLM may leak sensitive information when a user asks a question that requires that information in response. After the retrieval engine gets sensitive information and provides it to the LLM as context, the LLM generates a response without disclosing it. However, a user may ask a more specific question that relates to sensitive information and the LLM responds with it in its context. To mitigate this concern, OWASP recommends data sanitization, access control, and tokenization.&lt;/p></description></item><item><title>HashiCorp Vault and FIPS 140-3: Strengthening security and compliance</title><link>https://senthil.nz/feeds/hashicorp-vault-and-fips-140-3-strengthening-security-and-compliance/</link><pubDate>Wed, 04 Jun 2025 00:00:00 +0000</pubDate><guid>https://senthil.nz/feeds/hashicorp-vault-and-fips-140-3-strengthening-security-and-compliance/</guid><description>&lt;p>In an era of accelerating regulatory scrutiny, organizations must ensure that their cryptographic infrastructure meets the appropriate standards of security and compliance. One of the key standards in the U.S. is the Federal Information Processing Standard (FIPS) 140-3, which defines the requirements for cryptographic modules used by federal agencies and contractors.&lt;/p>
&lt;p>HashiCorp Vault, &lt;a href="https://www.infoq.com/news/2021/04/cncf-radar-secrets-management/">a leader&lt;/a> in secrets management and data protection, now supports FIPS 140-3 level 1 in version 1.19.4. This advancement enables organizations to modernize their security posture while meeting the latest compliance mandates. &lt;/p></description></item><item><title>HCP Waypoint actions now GA</title><link>https://senthil.nz/feeds/hcp-waypoint-actions-now-ga/</link><pubDate>Tue, 03 Jun 2025 00:00:00 +0000</pubDate><guid>https://senthil.nz/feeds/hcp-waypoint-actions-now-ga/</guid><description>&lt;p>Following the public beta release last year, &lt;a href="https://developer.hashicorp.com/hcp/docs/waypoint/concepts/actions">HCP Waypoint &lt;em>actions&lt;/em>&lt;/a> are now generally available. Actions enable platform teams to expose Day 2+ operations and workflows — such as rollbacks, build promotions, and more — to developers as push-button tasks. With actions, platform teams define and govern reusable workflows, while developers trigger them directly from HCP Waypoint. &lt;/p>
&lt;h2>HCP Waypoint actions&lt;/h2>
&lt;p>HCP Waypoint is designed to help platform teams define golden patterns and workflows that developers can use to ship applications at scale. HCP Waypoint actions provide a push-button experience to enable Day 2+ operations such as build promotions, rollbacks, and modifying feature flags. Actions make it easier for platform teams to enable self-service, Day 2+ golden workflows for developers. &lt;/p></description></item><item><title>Terraform ephemeral resources, Waypoint actions, and more at HashiDays 2025</title><link>https://senthil.nz/feeds/terraform-ephemeral-resources-waypoint-actions-and-more-at-hashidays-2025/</link><pubDate>Tue, 03 Jun 2025 00:00:00 +0000</pubDate><guid>https://senthil.nz/feeds/terraform-ephemeral-resources-waypoint-actions-and-more-at-hashidays-2025/</guid><description>&lt;p>Enterprises are struggling to protect their hybrid cloud infrastructure from security risks due to misconfigurations and lack of proper guardrails throughout its lifecycle. HashiCorp’s Infrastructure Lifecycle Management (ILM) portfolio automates how companies build, deploy, and manage their infrastructure over time, ensuring that developers can move fast while always using the approved approach with governance baked in.&lt;/p>
&lt;p>As organizations scale their IT estates, infrastructure automation becomes even more critical. With scale comes the challenge of balancing developer agility with the security and compliance needs of the organization. Infrastructure lifecycle management (ILM) helps make the secure, cost-effective approach the simplest path for developers.&lt;/p></description></item><item><title>Vault Radar, Boundary transparent sessions, and more at HashiDays 2025</title><link>https://senthil.nz/feeds/vault-radar-boundary-transparent-sessions-and-more-at-hashidays-2025/</link><pubDate>Tue, 03 Jun 2025 00:00:00 +0000</pubDate><guid>https://senthil.nz/feeds/vault-radar-boundary-transparent-sessions-and-more-at-hashidays-2025/</guid><description>&lt;p>At HashiDays, we are sharing the recent general availability of Security Lifecycle Management (SLM) products and features that further reduce security risks and dramatically improve the user experiences for developers, SecOps, and platform teams. These include HCP Vault Radar, automatic root credential rotation with HashiCorp Vault, Boundary transparent sessions, and Consul external service discovery.&lt;/p>
&lt;h2>Seamless user experience with Boundary transparent sessions&lt;/h2>
&lt;p>&lt;a href="https://www.hashicorp.com/products/boundary">HashiCorp Boundary&lt;/a> provides secure human-to-machine access for sensitive applications. This includes: &lt;/p></description></item><item><title>Systems Fun at HotOS</title><link>https://senthil.nz/feeds/systems-fun-at-hotos/</link><pubDate>Mon, 02 Jun 2025 00:00:00 +0000</pubDate><guid>https://senthil.nz/feeds/systems-fun-at-hotos/</guid><description/></item><item><title>Terraform migrate 1.1 adds VCS workspace support and enhanced GitOps</title><link>https://senthil.nz/feeds/terraform-migrate-1.1-adds-vcs-workspace-support-and-enhanced-gitops/</link><pubDate>Mon, 02 Jun 2025 00:00:00 +0000</pubDate><guid>https://senthil.nz/feeds/terraform-migrate-1.1-adds-vcs-workspace-support-and-enhanced-gitops/</guid><description>&lt;p>Terraform migrate is a command-line tool that simplifies the process of migrating your Terraform state and configuration from Terraform Community Edition to HCP Terraform and Terraform Enterprise. Previously, Terraform migrate supported only &lt;a href="https://www.hashicorp.com/en/blog/terraform-migrate-now-generally-available">CLI-driven&lt;/a> Terraform workflows. With the release of &lt;a href="https://developer.hashicorp.com/terraform/cloud-docs/migrate/tf-migrate">Terraform migrate 1.1&lt;/a>, you can now create and configure HCP Terraform and Terraform Enterprise workspaces linked to GitHub or GitLab repositories as part of your migration configuration. This enables automated runs via the version control system workflow, which provides stronger alignment with GitOps practices.&lt;/p></description></item><item><title>Secure AI workloads on Google Cloud with HashiCorp Vault</title><link>https://senthil.nz/feeds/secure-ai-workloads-on-google-cloud-with-hashicorp-vault/</link><pubDate>Fri, 30 May 2025 00:00:00 +0000</pubDate><guid>https://senthil.nz/feeds/secure-ai-workloads-on-google-cloud-with-hashicorp-vault/</guid><description>&lt;p>As AI continues to evolve and integrate into various industries, the need for secure and efficient management of credentials becomes increasingly critical. AI workloads often involve accessing sensitive data and resources, making robust security measures essential to prevent unauthorized access and ensure compliance.&lt;/p>
&lt;p>HashiCorp Vault offers a powerful solution for &lt;a href="https://www.hashicorp.com/en/blog/why-we-need-short-lived-credentials-and-how-to-adopt-them">dynamic credential management&lt;/a>, particularly within the Google Cloud Platform (GCP). By leveraging the &lt;a href="https://developer.hashicorp.com/vault/docs/secrets/gcp">Google Cloud Vault secrets engine&lt;/a>, organizations can generate short-lived, temporary credentials that automatically expire, significantly reducing the risk of credential misuse. This dynamic approach eliminates the reliance on static, long-lived credentials, which are more vulnerable to security breaches.&lt;/p></description></item><item><title>Terraform adds new pre-written Sentinel policies for AWS Foundational Security Best Practices</title><link>https://senthil.nz/feeds/terraform-adds-new-pre-written-sentinel-policies-for-aws-foundational-security-best-practices/</link><pubDate>Thu, 29 May 2025 00:00:00 +0000</pubDate><guid>https://senthil.nz/feeds/terraform-adds-new-pre-written-sentinel-policies-for-aws-foundational-security-best-practices/</guid><description>&lt;p>Building on our recent release of &lt;a href="https://www.hashicorp.com/en/blog/simplify-policy-adoption-in-terraform-with-pre-written-sentinel-policies-for-aws">pre-written Sentinel policies for Center for Internet Security (CIS)&lt;/a> standards, which has already surpassed 550K downloads, we’re proud to announce the release of a &lt;a href="https://registry.terraform.io/policies/hashicorp/FSBP-Policy-Set-for-AWS-Terraform/1.0.0">new set&lt;/a> of pre-written &lt;a href="https://www.hashicorp.com/sentinel">Sentinel&lt;/a> policies for AWS. These new policy sets aim to lower the barrier of adoption for &lt;a href="https://developer.hashicorp.com/sentinel/docs/concepts/policy-as-code">policy as code&lt;/a> and help organizations meet &lt;a href="https://docs.aws.amazon.com/audit-manager/latest/userguide/aws-foundational-security-best-practices.html">AWS Foundational Best Security Practices (FSBP)&lt;/a>. The FSBP Sentinel policies are co-created and co-owned by HashiCorp and AWS, and are now available for use in the &lt;a href="https://registry.terraform.io/policies/hashicorp/FSBP-Policy-Set-for-AWS-Terraform/1.0.0">Terraform registry&lt;/a>.&lt;/p></description></item><item><title>HCP Vault Radar agent: Local secret scanning at enterprise scale</title><link>https://senthil.nz/feeds/hcp-vault-radar-agent-local-secret-scanning-at-enterprise-scale/</link><pubDate>Wed, 28 May 2025 00:00:00 +0000</pubDate><guid>https://senthil.nz/feeds/hcp-vault-radar-agent-local-secret-scanning-at-enterprise-scale/</guid><description>&lt;p>As organizations scale, so does the surface area of risk, driven by the growing volume of code, systems, and users interacting across distributed environments. Beyond traditional security concerns, teams are now responsible for managing sensitive data in all its forms.&lt;/p>
&lt;p>This includes secrets, personally identifiable information (PII), which, unlike secrets, can’t be rotated or changed, and addressing non-inclusive language (NIL) that poses both brand and retention risks. These challenges are especially relevant in industries with strict security, compliance, and governance requirements.&lt;/p></description></item><item><title>How to start consolidating your cybersecurity tools</title><link>https://senthil.nz/feeds/how-to-start-consolidating-your-cybersecurity-tools/</link><pubDate>Tue, 27 May 2025 00:00:00 +0000</pubDate><guid>https://senthil.nz/feeds/how-to-start-consolidating-your-cybersecurity-tools/</guid><description>&lt;p>In &lt;a href="https://www.hashicorp.com/blog/the-risks-of-cybersecurity-tool-sprawl-and-why-we-need-consolidation">part 1&lt;/a> of this two-part blog series, we looked at why cybersecurity tool sprawl has become a critical risk and cost issue for modern enterprises. From overlapping functionality and alert fatigue, to slower incident response and increased maintenance burden, the downsides of fragmented tooling are clear and growing.&lt;/p>
&lt;p>Now, we move from &lt;em>why&lt;/em> to &lt;em>how&lt;/em>. If your organization is ready to simplify, reduce risk, and improve efficiency, this practical guide outlines the first steps toward a more unified, strategic approach to cybersecurity.&lt;/p></description></item><item><title>Microsoft Azure and HashiCorp’s journey to 1 billion Terraform provider downloads</title><link>https://senthil.nz/feeds/microsoft-azure-and-hashicorps-journey-to-1-billion-terraform-provider-downloads/</link><pubDate>Tue, 27 May 2025 00:00:00 +0000</pubDate><guid>https://senthil.nz/feeds/microsoft-azure-and-hashicorps-journey-to-1-billion-terraform-provider-downloads/</guid><description>&lt;p>The &lt;a href="https://registry.terraform.io/providers/hashicorp/azurerm/latest/docs">HashiCorp Terraform AzureRM provider&lt;/a> has officially surpassed &lt;strong>1 billion downloads&lt;/strong> — a moment that marks not only a technical milestone, but also highlights story of how enterprises around the world have embraced cloud automation, built shared platforms, and transformed the way infrastructure is delivered on Azure.&lt;/p>
&lt;p>The AzureRM provider abstracts complexity by managing Azure API versions on your behalf. The provider ensures that resources are fully compatible with one another and that configuration changes don&amp;#39;t introduce breaking issues, thanks to its rigorous testing by both HashiCorp, an IBM company, and Microsoft teams. This milestone is a reflection of years of collaboration between HashiCorp, Microsoft, our joint customers, and the community. Together, we’ve made it easier for teams to provision, manage, and scale infrastructure on Azure — securely, reliably, efficiently, and consistently.&lt;/p></description></item><item><title>Transparent sessions now GA in HashiCorp Boundary</title><link>https://senthil.nz/feeds/transparent-sessions-now-ga-in-hashicorp-boundary/</link><pubDate>Tue, 27 May 2025 00:00:00 +0000</pubDate><guid>https://senthil.nz/feeds/transparent-sessions-now-ga-in-hashicorp-boundary/</guid><description>&lt;p>If you want developers to do the secure thing, you have to make it easy for them. Too often, developers have to jump through hoops to follow the workflows security and identity teams prescribe. So, they don’t – leaving your company without visibility into what they’re doing and credentials unmanaged with the potential for exposure. &lt;/p>
&lt;p>That’s why we built &lt;a href="https://developer.hashicorp.com/boundary/docs/concepts/transparent-sessions">transparent sessions,&lt;/a> now generally available. Transparent sessions are a feature in HCP Boundary and Boundary Enterprise that allows end users to connect to infrastructure resources without changing their existing workflows, habits, or client tools. Authorized and logged in? Follow your usual workflow, then, boom, you’re connected.&lt;/p></description></item><item><title>The risks of cybersecurity tool sprawl, and why we need consolidation</title><link>https://senthil.nz/feeds/the-risks-of-cybersecurity-tool-sprawl-and-why-we-need-consolidation/</link><pubDate>Mon, 26 May 2025 00:00:00 +0000</pubDate><guid>https://senthil.nz/feeds/the-risks-of-cybersecurity-tool-sprawl-and-why-we-need-consolidation/</guid><description>&lt;p>New threats emerge every week, and many vendors respond with narrow, reactive solutions. The result? Tool sprawl. Some organizations now rely on anywhere from &lt;a href="https://www.securus360.com/blog/so-many-cybersecurity-tools-deployed#:%7E:text=Businesses%20typically%20deploy%2045%20cybersecurity,ability%20to%20contain%20active%20attacks.">45&lt;/a> to &lt;a href="https://www.ibm.com/thought-leadership/institute-business-value/en-us/report/unified-cybersecurity-platform">83&lt;/a> separate cybersecurity tools. &lt;/p>
&lt;p>This fragmented approach drives up costs, complicates workflows, and increases risk due to poor integration and limited visibility.&lt;/p>
&lt;p>Business leaders are taking notice:&lt;/p>
&lt;ul>
&lt;li>&lt;a href="https://lsvp.com/cyber60-2024-2025/">50% of CISOs&lt;/a> want to consolidate their security tools&lt;/li>
&lt;li>&lt;a href="https://www.gartner.com/en/newsroom/press-releases/2022-09-12-gartner-survey-shows-seventy-five-percent-of-organizations-are-pursuing-security-vendor-consolidation-in-2022">75% of organizations&lt;/a> aim to reduce their number of security vendors&lt;/li>
&lt;li>&lt;a href="https://www.gartner.com/en/newsroom/press-releases/2022-09-12-gartner-survey-shows-seventy-five-percent-of-organizations-are-pursuing-security-vendor-consolidation-in-2022">65% say consolidation&lt;/a> would improve their overall risk posture&lt;/li>
&lt;/ul>
&lt;p>The message is clear: it’s time to shift from being reactive to a more unified, strategic approach to cybersecurity.&lt;/p></description></item><item><title>GitHub App vs. OAuth for Terraform integration</title><link>https://senthil.nz/feeds/github-app-vs.-oauth-for-terraform-integration/</link><pubDate>Wed, 21 May 2025 00:00:00 +0000</pubDate><guid>https://senthil.nz/feeds/github-app-vs.-oauth-for-terraform-integration/</guid><description>&lt;p>When using GitHub as the version control system (VCS) provider for Terraform, it’s hard to decide which authentication methods the organization should adopt: GitHub App or GitHub OAuth? &lt;/p>
&lt;p>In this blog, we’ll explore the differences between these two methods, their advantages, drawbacks, and best practices. This will help you choose the right approach based on your team’s security and operational requirements. Whether you&amp;#39;re managing a small project or an enterprise Terraform setup, understanding these options will help you optimize your workflow and security posture.&lt;/p></description></item><item><title>Harvest now, decrypt later: Why today’s encrypted data isn’t safe forever</title><link>https://senthil.nz/feeds/harvest-now-decrypt-later-why-todays-encrypted-data-isnt-safe-forever/</link><pubDate>Wed, 21 May 2025 00:00:00 +0000</pubDate><guid>https://senthil.nz/feeds/harvest-now-decrypt-later-why-todays-encrypted-data-isnt-safe-forever/</guid><description>&lt;p>Imagine this: Someone intercepts your private messages, secures your encrypted business files, or captures classified government communications —but they can’t read any of it. Not yet anyway. But they’re not trying to crack the code today. They’re just collecting. They’re waiting.&lt;/p>
&lt;p>This is the strategy behind harvest now, decrypt later (HNDL) attacks — a looming threat in the age of quantum computing.&lt;/p>
&lt;h2>What is a harvest now, decrypt later attack?&lt;/h2>
&lt;p>At its core, HNDL is about playing the long game. The idea is simple but powerful: Attackers collect encrypted data now, knowing that in the future, quantum computers may be able to break the encryption protecting it.&lt;/p></description></item><item><title>Good Performance for Bad Days</title><link>https://senthil.nz/feeds/good-performance-for-bad-days/</link><pubDate>Tue, 20 May 2025 00:00:00 +0000</pubDate><guid>https://senthil.nz/feeds/good-performance-for-bad-days/</guid><description/></item><item><title>Introducing HashiCorp Validated Patterns for product use cases</title><link>https://senthil.nz/feeds/introducing-hashicorp-validated-patterns-for-product-use-cases/</link><pubDate>Tue, 20 May 2025 00:00:00 +0000</pubDate><guid>https://senthil.nz/feeds/introducing-hashicorp-validated-patterns-for-product-use-cases/</guid><description>&lt;p>The HashiCorp Technical Field Organization (TFO) partners with enterprise customers to help them navigate complex infrastructure challenges and achieve specific technical outcomes. Over thousands of these engagements, consistent patterns have emerged. We’ve documented many of these battle-tested patterns using HashiCorp products and the broader tooling ecosystem to solve common challenges. We call these HashiCorp Validated Patterns and we’re now making them publicly available.&lt;/p>
&lt;p>One of the unique values of Validated Patterns is that they reflect shared knowledge across our global technical field staff. These solutions aren’t the opinion of one person. They’re reviewed, improved, and endorsed by our internal technical community.&lt;/p></description></item><item><title>Before you build agentic AI, understand the confused deputy problem</title><link>https://senthil.nz/feeds/before-you-build-agentic-ai-understand-the-confused-deputy-problem/</link><pubDate>Mon, 19 May 2025 00:00:00 +0000</pubDate><guid>https://senthil.nz/feeds/before-you-build-agentic-ai-understand-the-confused-deputy-problem/</guid><description>&lt;p>We are seeing a lot of internal, assistance-based AI use cases for:&lt;/p>
&lt;ul>
&lt;li>Topic research&lt;/li>
&lt;li>R&amp;amp;D&lt;/li>
&lt;li>Code generation&lt;/li>
&lt;li>Data analysis&lt;/li>
&lt;li>Marketing&lt;/li>
&lt;li>and other tasks&lt;/li>
&lt;/ul>
&lt;p>What we are not seeing (yet) is a plethora of external, customer-facing use cases (beyond chatbots), where customers are engaging directly with AI.&lt;/p>
&lt;p>But this is about to change ... and fast.&lt;/p>
&lt;p>In his &lt;a href="https://www.ibm.com/think/videos/think-keynotes/enterprise-ai-value">keynote address&lt;/a> at &lt;a href="https://www.ibm.com/events/think">Think 2025&lt;/a>, Arvind Krishna, IBM Chairman and CEO, said the time of AI experimentation is over, and organizations are moving quickly to deliver business value through AI.&lt;/p></description></item><item><title>HashiCorp at Microsoft Build 2025: New products to automate, secure, and scale on Azure</title><link>https://senthil.nz/feeds/hashicorp-at-microsoft-build-2025-new-products-to-automate-secure-and-scale-on-azure/</link><pubDate>Mon, 19 May 2025 00:00:00 +0000</pubDate><guid>https://senthil.nz/feeds/hashicorp-at-microsoft-build-2025-new-products-to-automate-secure-and-scale-on-azure/</guid><description>&lt;p>HashiCorp, an IBM company, is helping Azure users simplify and scale their infrastructure with new tools, deeper integrations, and key announcements unveiled at &lt;a href="https://build.microsoft.com/en-US/home">Microsoft Build 2025.&lt;/a>&lt;/p>
&lt;p>We’re excited to be at Microsoft Build 2025 to connect with developers, cloud architects, and platform engineers building modern, scalable applications on Azure. As organizations continue to scale cloud adoption, HashiCorp and Microsoft are working together to help teams manage infrastructure and security in a consistent, automated, and scalable way.&lt;/p></description></item><item><title>HashiCorp product accessibility updates for 2025</title><link>https://senthil.nz/feeds/hashicorp-product-accessibility-updates-for-2025/</link><pubDate>Thu, 15 May 2025 00:00:00 +0000</pubDate><guid>https://senthil.nz/feeds/hashicorp-product-accessibility-updates-for-2025/</guid><description>&lt;p>Today, we are delighted to celebrate &lt;a href="https://accessibility.day/">Global Accessibility Awareness&lt;/a> (GAAD) day. It’s always a good opportunity to celebrate what we’ve accomplished in the past year, and think about where we want to go in the future. At HashiCorp, we continue to make progress toward maturing our Product Accessibility (A11y) Program, even as we begin our transition from HashiCorp to HashiCorp, an IBM Company. &lt;/p>
&lt;p>Some of our early product accessibility work included publishing our company-wide &lt;a href="https://www.hashicorp.com/en/trust/accessibility">Accessibility Statement&lt;/a>, creating &lt;a href="https://helios.hashicorp.design">Helios&lt;/a> (our standards-compliant design system), and publishing our &lt;a href="https://www.hashicorp.com/en/trust/accessibility/product-accessibility-status">Accessibility Conformance Reports&lt;/a> (ACRs) as product audits are completed.&lt;/p></description></item><item><title>The pain points of VPNs in enterprise IT</title><link>https://senthil.nz/feeds/the-pain-points-of-vpns-in-enterprise-it/</link><pubDate>Thu, 15 May 2025 00:00:00 +0000</pubDate><guid>https://senthil.nz/feeds/the-pain-points-of-vpns-in-enterprise-it/</guid><description>&lt;p>VPNs are great at providing users with remote access into a private network. However, they do face challenges with outdated trust models in a modern world where resources are dynamic. This blog will explore some of the common challenges enterprise organizations face when using VPNs to secure access to infrastructure resources, and how modern access management technologies can help secure and improve experiences for both administrators and end users. &lt;/p>
&lt;h2>What are VPNs&lt;/h2>
&lt;p>Virtual private networks (VPNs) have traditionally been considered the standard for most organizations when it comes to providing remote access into private networks and datacenters. And it&amp;#39;s for good reason, because VPNs provide security and protection against multitudes of cyber threats on the internet. When users connect to their organization’s network with a VPN, their traffic is encrypted and routed through protected pathways, shielding sensitive data from external threats while minimizing the organization&amp;#39;s attack surface.&lt;/p></description></item><item><title>Why adopt HCP Vault Radar</title><link>https://senthil.nz/feeds/why-adopt-hcp-vault-radar/</link><pubDate>Wed, 14 May 2025 00:00:00 +0000</pubDate><guid>https://senthil.nz/feeds/why-adopt-hcp-vault-radar/</guid><description>&lt;p>Today’s development cycles move fast, sometimes too fast for security teams to keep up. In the rush to ship features, secrets like API keys, credentials, and tokens often end up unintentionally exposed in code, config files, and collaboration tools. These exposures introduce serious, often hidden, risks. In fact, the average cost of a data breach reached $4.9M last year, and the majority of these incidents &lt;a href="https://www.verizon.com/business/resources/reports/2025-dbir-data-breach-investigations-report.pdf">began with stolen credentials&lt;/a>, often due to human error.&lt;/p></description></item><item><title>HCP Terraform adds public Terraform module and provider management via organizations</title><link>https://senthil.nz/feeds/hcp-terraform-adds-public-terraform-module-and-provider-management-via-organizations/</link><pubDate>Tue, 13 May 2025 00:00:00 +0000</pubDate><guid>https://senthil.nz/feeds/hcp-terraform-adds-public-terraform-module-and-provider-management-via-organizations/</guid><description>&lt;p>The &lt;a href="https://registry.terraform.io/">Terraform Registry&lt;/a> serves as the central discovery and distribution hub for essential public Terraform providers and modules — sourced directly from HashiCorp, verified technology partners, and the broader community. With a combined total exceeding 5,000 providers and nearing 20,000 modules across these tiers, it&amp;#39;s the go-to artifact manager enabling efficient IaC practices for everyone.&lt;/p>
&lt;p>Before now, the ownership of public modules and providers in the Terraform registry was based on an individual’s GitHub account. This created some management difficulties. A module or provider page would still roll up to the namespace of the related GitHub organization. But when a maintainer needed to login to the Terraform registry to manage artifacts — for example, to resync or delete a version — that person had to use the account of the individual who first published the artifact. This becomes a problem when that individual departs the organization.&lt;/p></description></item><item><title>The 18-point secrets management checklist</title><link>https://senthil.nz/feeds/the-18-point-secrets-management-checklist/</link><pubDate>Tue, 13 May 2025 00:00:00 +0000</pubDate><guid>https://senthil.nz/feeds/the-18-point-secrets-management-checklist/</guid><description>&lt;p>Some organizations are only beginning the cloud journey — we call that the Adopting stage. Others have moved beyond adoption into a phase of standardization and automation (the Standardizing stage). The most advanced organizations are embracing multi- and hybrid-cloud strategies to rapidly scale (the Scaling stage).&lt;/p>
&lt;p>Regardless of where you are in your journey, account compromise is &lt;a href="https://www.verizon.com/business/resources/reports/2025-dbir-data-breach-investigations-report.pdf">a leading cause&lt;/a> of breaches in the cloud. So much so, in fact, that Gartner issued &lt;a href="https://www.gartner.com/en/documents/4789831">a strategic planning assumption&lt;/a> saying, “Through 2027, 99% of records compromised in cloud environments will be the result of user misconfigurations and account compromise.”&lt;/p></description></item><item><title>How IBM and HashiCorp are simplifying AI-ready hybrid cloud operations</title><link>https://senthil.nz/feeds/how-ibm-and-hashicorp-are-simplifying-ai-ready-hybrid-cloud-operations/</link><pubDate>Mon, 12 May 2025 00:00:00 +0000</pubDate><guid>https://senthil.nz/feeds/how-ibm-and-hashicorp-are-simplifying-ai-ready-hybrid-cloud-operations/</guid><description>&lt;p>As cloud complexity threatens to derail digital transformation, &lt;a href="https://www.ibm.com/events/think">Think 2025&lt;/a> underscored one truth: automation and integration are critical enablers. Customers and technology leaders are united on one point: hybrid complexity is growing, and enterprises need real solutions. AI needs data from every corner of the enterprise to be effective. With &lt;a href="https://newsroom.ibm.com/2025-05-06-ibm-accelerates-enterprise-gen-ai-revolution-with-hybrid-capabilities">one billion apps expected&lt;/a> by 2028, organizations are under increasing pressure to deliver hybrid cloud programs that scale. &lt;/p>
&lt;p>Armon Dadger, HashiCorp Co-Founder and CTO, spoke as part of the keynote on AI automation for hybrid enterprises, which spotlighted the growing need to address the challenges of hybrid cloud programs and the central role of infrastructure lifecycle management (ILM) and security lifecycle management (SLM). He addressed Day 0 concerns related to launching enterprise hybrid cloud programs and adopting automation workflows like infrastructure as code (IaC) and identity-based access control, through to Day 2+ concerns related to standardization, optimization, security, and compliance.&lt;/p></description></item><item><title>Consul 1.21 improves service discovery, Consul on Kubernetes, and supports OpenShift 4.17</title><link>https://senthil.nz/feeds/consul-1.21-improves-service-discovery-consul-on-kubernetes-and-supports-openshift-4.17/</link><pubDate>Thu, 08 May 2025 00:00:00 +0000</pubDate><guid>https://senthil.nz/feeds/consul-1.21-improves-service-discovery-consul-on-kubernetes-and-supports-openshift-4.17/</guid><description>&lt;p>HashiCorp Consul is a global service networking platform that provides multi-runtime service discovery and secure services networking. It is widely adopted and used in production by companies that include &lt;a href="https://www.youtube.com/watch?v=ou01X3UGVLI">Expedia&lt;/a> and &lt;a href="https://www.hashicorp.com/en/resources/workday-s-multi-cloud-network-fabric-with-consul-and-vault">Workday&lt;/a>. The latest Consul version 1.21 includes a broad range of enhancements across different parts of Consul, including:&lt;/p>
&lt;ul>
&lt;li>A simplified architecture for discovering external software applications&lt;br>&lt;/li>
&lt;li>Disaster recovery improvements for Consul on Kubernetes&lt;br>&lt;/li>
&lt;li>Support for OpenShift 4.16 and 4.17&lt;br>&lt;/li>
&lt;li>Kubernetes Pod Security Admissions Controller support&lt;/li>
&lt;/ul>
&lt;h3>Simplified service discovery for external services&lt;/h3>
&lt;p>One of Consul’s core capabilities is to provide global service discovery across multiple different runtimes, platforms, and clouds. In order to do this, Consul agents that are installed on each service send updated information to the Consul servers, including health status and current IP addresses. However, there are some external applications, like Amazon RDS or Azure Database, that do not allow the installation of third-party agents. In these scenarios, Consul External Monitoring Service (ESM) can be used to query the latest health and location information from these external services. &lt;/p></description></item><item><title>In security, when do you hire more people vs. add more automation?</title><link>https://senthil.nz/feeds/in-security-when-do-you-hire-more-people-vs.-add-more-automation-/</link><pubDate>Thu, 08 May 2025 00:00:00 +0000</pubDate><guid>https://senthil.nz/feeds/in-security-when-do-you-hire-more-people-vs.-add-more-automation-/</guid><description>&lt;p>There is no shortage of cybersecurity threats. But protecting against those threats is about balancing risk and reward — i.e. &lt;a href="https://www.hashicorp.com/en/blog/align-your-cybersecurity-strategy-with-your-organization-s-risk-appetite">the cost of mitigating the risk versus the likelihood and impact of an incident&lt;/a>.&lt;/p>
&lt;p>Security automation tools can lower risk of a breach while also increasing efficiency, effectiveness, and ROI of security investments. But these, too, are a balancing act.&lt;/p>
&lt;p>When does it make sense to invest in automation tools to strengthen and scale your security posture versus hiring more people?&lt;/p></description></item><item><title>Vulnerability tools aren’t enough to resolve exposed credentials</title><link>https://senthil.nz/feeds/vulnerability-tools-arent-enough-to-resolve-exposed-credentials/</link><pubDate>Wed, 07 May 2025 00:00:00 +0000</pubDate><guid>https://senthil.nz/feeds/vulnerability-tools-arent-enough-to-resolve-exposed-credentials/</guid><description>&lt;p>In today&amp;#39;s rapidly evolving cybersecurity landscape, data breaches are an ever-present threat to organizations of all sizes. The most critical assets of an organization often reside within its digital infrastructure, including sensitive data and secrets. Among these, credentials (such as API keys, access tokens, passwords, and SSH keys) are a top target for cybercriminals. If these credentials are leaked or exposed, attackers can gain unauthorized access to systems and potentially wreak havoc on the organization.&lt;/p></description></item><item><title>Terraform AWS provider tops 4 billion downloads, 6.0 now in public beta</title><link>https://senthil.nz/feeds/terraform-aws-provider-tops-4-billion-downloads-6.0-now-in-public-beta/</link><pubDate>Tue, 06 May 2025 00:00:00 +0000</pubDate><guid>https://senthil.nz/feeds/terraform-aws-provider-tops-4-billion-downloads-6.0-now-in-public-beta/</guid><description>&lt;p>The Terraform AWS provider serves as the bridge between Terraform configurations and AWS, enabling users to define and manage AWS resources as code. We are excited to share that version 6.0 of the Terraform AWS provider is now available in public beta. Along with bugfixes, the latest update brings enhanced multi-region support and other workflow improvements. &lt;/p>
&lt;p>This post will explore the enhanced mult-region support features and announce the provider’s latest downloads milestone.&lt;/p></description></item><item><title>The AWS GameDay challenge with Terraform</title><link>https://senthil.nz/feeds/the-aws-gameday-challenge-with-terraform/</link><pubDate>Mon, 05 May 2025 00:00:00 +0000</pubDate><guid>https://senthil.nz/feeds/the-aws-gameday-challenge-with-terraform/</guid><description>&lt;p>You’re the cloud engineer for a booming startup. You’ve built your infrastructure, your Terraform code is looking clean — and then… “Something” happens and now it’s a race against time (and your own sanity) to fix it before the leaderboard locks.&lt;/p>
&lt;p>Welcome to AWS GameDay: the hands-on, team-based challenge where technical professionals sharpen their real-world AWS and Terraform skills in a dynamic, gamified environment. No step-by-step instructions. No hand-holding. Just you, your team, and a fast-moving cloud infrastructure scenario where every decision counts.&lt;/p></description></item><item><title>Announcing HCP Terraform Premium: Infrastructure Lifecycle Management at scale</title><link>https://senthil.nz/feeds/announcing-hcp-terraform-premium-infrastructure-lifecycle-management-at-scale/</link><pubDate>Thu, 01 May 2025 00:00:00 +0000</pubDate><guid>https://senthil.nz/feeds/announcing-hcp-terraform-premium-infrastructure-lifecycle-management-at-scale/</guid><description>&lt;p>Today, we’re excited to announce &lt;strong>HCP Terraform Premium&lt;/strong>, now generally available to extend the capabilities of &lt;a href="https://www.hashicorp.com/en/products/terraform">HCP Terraform&lt;/a>, offering powerful features that enable organizations to scale their infrastructure automation securely and efficiently. &lt;/p>
&lt;p>Enterprises looking to maximize their IT investments need solutions that can simplify operations, reduce risk, and optimize cost — all while meeting strict governance and compliance requirements. HCP Terraform Premium is designed to help enterprises with their Infrastructure Lifecycle Management at high scale and includes everything from the Standard and Plus plans, with additional features:&lt;/p></description></item><item><title>Improve secret scanning efficiency in HCP Vault Radar</title><link>https://senthil.nz/feeds/improve-secret-scanning-efficiency-in-hcp-vault-radar/</link><pubDate>Thu, 01 May 2025 00:00:00 +0000</pubDate><guid>https://senthil.nz/feeds/improve-secret-scanning-efficiency-in-hcp-vault-radar/</guid><description>&lt;p>As businesses continue to embrace the cloud, the importance of securing sensitive data and secrets increases exponentially. Secrets management is a critical part of an organization&amp;#39;s security strategy to safeguard sensitive information such as API keys, database credentials, private keys, and other confidential assets. HashiCorp Vault, an &lt;a href="https://www.infoq.com/news/2021/04/cncf-radar-secrets-management/">industry standard&lt;/a> in secrets management, offers a suite of tools to help enterprises manage these secrets securely, and one of the key pieces of the Vault ecosystem is &lt;a href="https://www.hashicorp.com/en/products/vault/hcp-vault-radar">HCP Vault Radar&lt;/a>.&lt;/p></description></item><item><title>HCP Vault Radar goes GA with Vault Import</title><link>https://senthil.nz/feeds/hcp-vault-radar-goes-ga-with-vault-import/</link><pubDate>Wed, 30 Apr 2025 00:00:00 +0000</pubDate><guid>https://senthil.nz/feeds/hcp-vault-radar-goes-ga-with-vault-import/</guid><description>&lt;p>&lt;a href="https://www.hashicorp.com/en/products/vault/hcp-vault-radar">HCP Vault Radar&lt;/a> is now generally available to help organizations discover and prioritize unmanaged secrets, expanding on Vault’s secret lifecycle management capabilities. Accompanying GA is the ability to import unmanaged secrets discovered in collaboration platforms and Git-supported version control into HashiCorp Vault for centralized management. &lt;/p>
&lt;p>Securing sensitive data in Vault, such as secrets, is crucial for protecting an organization&amp;#39;s most valuable assets and ensuring that access to critical systems is tightly controlled. Securely storing secrets with Vault also presents the opportunity to transition unmanaged secrets to &lt;a href="https://www.hashicorp.com/en/blog/why-we-need-dynamic-secrets">dynamic secrets&lt;/a> or implement an &lt;a href="https://www.hashicorp.com/blog/rotated-vs-dynamic-secrets-which-should-you-use">automated rotation strategy&lt;/a> that minimizes risks associated with credential exposure.&lt;/p></description></item><item><title>Terraform now supports multiple team tokens</title><link>https://senthil.nz/feeds/terraform-now-supports-multiple-team-tokens/</link><pubDate>Mon, 28 Apr 2025 00:00:00 +0000</pubDate><guid>https://senthil.nz/feeds/terraform-now-supports-multiple-team-tokens/</guid><description>&lt;p>We’re excited to share the latest enhancement to HashiCorp Terraform’s permissions capabilities: multiple team tokens. Now generally available in HCP Terraform and coming soon Terraform Enterprise, this addition helps organizations create distinct tokens for different teams, facilitating better access control and collaboration within Terraform environments.&lt;/p>
&lt;p>Similar to the recent releases of Terraform’s &lt;em>&lt;a href="https://www.hashicorp.com/blog/terraform-improves-permissions-management-for-teams">manage teams&lt;/a>&lt;/em> and &lt;em>&lt;a href="https://www.hashicorp.com/blog/terraform-adds-granular-permissions-to-manage-agent-pools">manage agent pools&lt;/a>&lt;/em> capabilities, this new team-API token management setting marks another step in our effort to help users simplify permissions management and enable the least privilege principle in their infrastructure workflows.&lt;/p></description></item><item><title>47-day certificates lifespan mandate: How we can help</title><link>https://senthil.nz/feeds/47-day-certificates-lifespan-mandate-how-we-can-help-/</link><pubDate>Fri, 25 Apr 2025 00:00:00 +0000</pubDate><guid>https://senthil.nz/feeds/47-day-certificates-lifespan-mandate-how-we-can-help-/</guid><description>&lt;p>On April 11, 2025 the CA/Browser forum &lt;a href="https://groups.google.com/a/groups.cabforum.org/g/servercert-wg/c/bvWh5RN6tYI">officially voted to amend the TLS Baseline Requirements&lt;/a> to set a schedule for shortening both the lifetime of TLS certificates and the reusability of CA-validated information in certificates. The new ballot targets certificate validity of 47 days by March 15, 2029 . &lt;/p>
&lt;p>This change isn&amp;#39;t just an infrastructure concern that can be relegated to security teams. This change will fundamentally require a reexamination of how products and services operate within the enterprise IT landscape to ensure operational uptime, availability and better security. The shorter lifespan of certificates means that customers must prioritize automation of certificate lifecycle as a core security tenet. Accelerated certificate expiration is a burden mostly to organizations who have manual processes around certificate issuance. In other words, this is only hard if you don&amp;#39;t automate your certificate lifecycle management processes, and HashiCorp Vault helps you do that. &lt;/p></description></item><item><title>Align your cybersecurity strategy with your organization’s risk appetite</title><link>https://senthil.nz/feeds/align-your-cybersecurity-strategy-with-your-organizations-risk-appetite/</link><pubDate>Fri, 25 Apr 2025 00:00:00 +0000</pubDate><guid>https://senthil.nz/feeds/align-your-cybersecurity-strategy-with-your-organizations-risk-appetite/</guid><description>&lt;p>Cybersecurity remains top-of-mind again this year. &lt;a href="https://www.gartner.com/en/articles/cio-challenges">According to Gartner&lt;/a>, 69% of CIOs say managing cybersecurity and technology risks is their top focus for the next 12 months.&lt;/p>
&lt;p>Breaking that down further, CIOs are specifically concerned about aligning their cybersecurity program and technology investments with their organization’s appetite for risk, largely due to increasingly sophisticated threats and adoption of AI. But how do you determine what constitutes acceptable risk?&lt;/p>
&lt;p>This post will provide a basic framework for defining risk, as well as risk measurement, identification, and analysis. Finally, it will offer strategies for lowering risk to a level within your organizational risk appetite.&lt;/p></description></item><item><title>AWS and AWSCC Terraform providers: Better together</title><link>https://senthil.nz/feeds/aws-and-awscc-terraform-providers-better-together/</link><pubDate>Thu, 24 Apr 2025 00:00:00 +0000</pubDate><guid>https://senthil.nz/feeds/aws-and-awscc-terraform-providers-better-together/</guid><description>&lt;p>&lt;a href="https://www.hashicorp.com/en/blog/products/terraform">Terraform&lt;/a> has two AWS providers: AWS and AWSCC — one handwritten, the other automatically generated. But why the difference? In this post, we’ll dive into: &lt;/p>
&lt;ul>
&lt;li>The reasoning behind these approaches&lt;/li>
&lt;li>How each provider interacts with AWS APIs&lt;/li>
&lt;li>How they complement rather than compete with each other&lt;/li>
&lt;/ul>
&lt;p>We’ll also share best practices for using them together and migrating resources from one provider to the other, without recreating them.&lt;/p>
&lt;h2>AWS provider&lt;/h2>
&lt;p>The &lt;a href="https://registry.terraform.io/providers/hashicorp/aws/latest/docs">Terraform AWS provider&lt;/a> was the first official Terraform provider for AWS integrations and is built on the AWS SDK. The provider celebrated its 10 year anniversary in 2024, and has surpassed three billion downloads. It includes resources for various AWS services, each making API calls to its respective service. For example, when Terraform creates an Amazon S3 bucket, the AWS provider calls the S3 &lt;a href="https://docs.aws.amazon.com/AmazonS3/latest/API/API_CreateBucket.html">CreateBucket&lt;/a> API.&lt;/p></description></item><item><title>Decomposing Aurora DSQL</title><link>https://senthil.nz/feeds/decomposing-aurora-dsql/</link><pubDate>Thu, 17 Apr 2025 00:00:00 +0000</pubDate><guid>https://senthil.nz/feeds/decomposing-aurora-dsql/</guid><description/></item><item><title>Nomad 1.10 adds dynamic host volumes, extended OIDC support, and more</title><link>https://senthil.nz/feeds/nomad-1.10-adds-dynamic-host-volumes-extended-oidc-support-and-more/</link><pubDate>Wed, 16 Apr 2025 00:00:00 +0000</pubDate><guid>https://senthil.nz/feeds/nomad-1.10-adds-dynamic-host-volumes-extended-oidc-support-and-more/</guid><description>&lt;p>&lt;a href="https://www.nomadproject.io/">HashiCorp Nomad&lt;/a> is a simple and flexible orchestrator used to deploy and manage containers and non-containerized applications across multiple cloud, on-premises, and edge environments. It is widely adopted and used in production by organizations such as &lt;a href="https://www.hashicorp.com/resources/accelerating-bt-s-migration-from-on-prem-to-cloud-with-hashicorp">BT Group&lt;/a> and &lt;a href="https://www.hashicorp.com/resources/cooking-with-nomad-powering-the-fortnite-creator-ecosystem">Epic Games&lt;/a>. Today, we are excited to announce that Nomad 1.10 is now generally available.&lt;/p>
&lt;p>Here’s what’s new in Nomad:&lt;/p>
&lt;ul>
&lt;li>Dynamic host volumes
Dynamic host volume governance (Nomad Enterprise)&lt;/li>
&lt;li>Extended OIDC support — Signed client assertions and Proof Key Code Exchange (PKCE)&lt;/li>
&lt;li>Improved CLI to UI transition&lt;/li>
&lt;li>Expanded upgrade testing&lt;/li>
&lt;/ul>
&lt;h2>Dynamic host volumes&lt;/h2>
&lt;p>The new dynamic host volume capability introduced in Nomad 1.10 brings an improved storage option to your Nomad workloads that expands on the previously available host volume capability. This provides a more flexible way to provision storage across your Nomad client infrastructure when compared to traditional host volumes or CSI plugins.&lt;/p></description></item><item><title>#510 - 6th April 2025</title><link>https://senthil.nz/feeds/%23510---6th-april-2025/</link><pubDate>Sun, 06 Apr 2025 00:00:00 +0000</pubDate><guid>https://senthil.nz/feeds/%23510---6th-april-2025/</guid><description>&lt;p>Two big conferences happened this week: FabCon in Las Vegas, and KubeCon + CloudNativeCon Europe 2025 in London, as you can imagine the content this week is heavily slanted towards the announcement from those events. Here are the highlights of the Fabric announcements (many more in the Analytics section:) &lt;a href="https://blog.fabric.microsoft.com/en-GB/blog/copilot-and-ai-capabilities-now-accessible-to-all-paid-skus-in-microsoft-fabric/" data-mce-href="https://blog.fabric.microsoft.com/en-GB/blog/copilot-and-ai-capabilities-now-accessible-to-all-paid-skus-in-microsoft-fabric/">Copilot and AI Capabilities are now accessible to all paid SKUs in Microsoft Fabric&lt;/a>, and &lt;a href="https://blog.fabric.microsoft.com/en-GB/blog/the-next-evolution-of-onelake-security-enters-early-preview/" data-mce-href="https://blog.fabric.microsoft.com/en-GB/blog/the-next-evolution-of-onelake-security-enters-early-preview/">The next evolution of OneLake security Preview&lt;/a>, and &lt;a href="https://blog.fabric.microsoft.com/en-GB/blog/whats-new-with-onelake-shortcuts/" data-mce-href="https://blog.fabric.microsoft.com/en-GB/blog/whats-new-with-onelake-shortcuts/">What's new with OneLake shortcuts&lt;/a>, and &lt;a href="https://blog.fabric.microsoft.com/en-GB/blog/exciting-new-features-for-mirroring-for-azure-sql-in-fabric/" data-mce-href="https://blog.fabric.microsoft.com/en-GB/blog/exciting-new-features-for-mirroring-for-azure-sql-in-fabric/">Exciting New Features for Mirroring for Azure SQL in Fabric&lt;/a>, and &lt;a href="https://blog.fabric.microsoft.com/en-GB/blog/whats-new-with-mirroring-in-microsoft-fabric/" data-mce-href="https://blog.fabric.microsoft.com/en-GB/blog/whats-new-with-mirroring-in-microsoft-fabric/">Mirroring in Fabric - What's new&lt;/a>, and &lt;a href="https://sandervandevelde.wordpress.com/2025/04/02/microsoft-fabric-rti-data-agent-conversations-on-real-time-telemetry/" data-mce-href="https://sandervandevelde.wordpress.com/2025/04/02/microsoft-fabric-rti-data-agent-conversations-on-real-time-telemetry/">Microsoft Fabric RTI:Data Agent conversations on real-time telemetry&lt;/a>. &lt;br> &lt;br> My colleagues &lt;a href="https://endjin.com/who-we-are/our-people/barry-smart/" data-mce-href="https://endjin.com/who-we-are/our-people/barry-smart/">Barry Smart&lt;/a> and &amp;amp; &lt;a href="https://endjin.com/who-we-are/our-people/ed-freeman/" data-mce-href="https://endjin.com/who-we-are/our-people/ed-freeman/">Ed Freeman&lt;/a> from &lt;a href="https://endjin.com/" data-mce-href="https://endjin.com/">endjin&lt;/a> were at FabCon and have posted some daily summaries of the event on LinkedIn. Barry's &lt;a href="https://www.linkedin.com/posts/barryjasmart_fabcon2025-microsoftfabric-fabricators-activity-7311847944125624320-FueO " data-mce-href="https://www.linkedin.com/posts/barryjasmart_fabcon2025-microsoftfabric-fabricators-activity-7311847944125624320-FueO">Pre-Con Day 1&lt;/a>, &lt;a href="https://www.linkedin.com/posts/barryjasmart_microsoftfabric-fabcon-datastrategy-activity-7312893754112159745-T8_x" data-mce-href="https://www.linkedin.com/posts/barryjasmart_microsoftfabric-fabcon-datastrategy-activity-7312893754112159745-T8_x">Day 1&lt;/a>, and &lt;a href="https://www.linkedin.com/posts/barryjasmart_microsoftfabric-fabcon-powerbi-activity-7313222358029197312-7F7G" data-mce-href="https://www.linkedin.com/posts/barryjasmart_microsoftfabric-fabcon-powerbi-activity-7313222358029197312-7F7G">Day 2&lt;/a>. Ed's &lt;a href="https://www.linkedin.com/posts/ed-freeman_fabcon-microsoftfabric-azurefunctions-activity-7312592225140461568-ntAj" data-mce-href="https://www.linkedin.com/posts/ed-freeman_fabcon-microsoftfabric-azurefunctions-activity-7312592225140461568-ntAj">Day 1&lt;/a>, and &lt;a href="https://www.linkedin.com/posts/ed-freeman_fabcon-microsoftfabric-spark-activity-7313234555618906114-Az1M" data-mce-href="https://www.linkedin.com/posts/ed-freeman_fabcon-microsoftfabric-spark-activity-7313234555618906114-Az1M">Day 2&lt;/a>. &lt;br> &lt;br> There are a large number of announcements from KubeCon (check out the Containers and Networking sections for more details), but the most noteworthy to me is that&amp;nbsp;&lt;a href="https://techcommunity.microsoft.com/t5/linux-and-open-source-blog/azure-linux-3-0-now-generally-available-with-azure-kubernetes/ba-p/4399804" data-mce-href="https://techcommunity.microsoft.com/t5/linux-and-open-source-blog/azure-linux-3-0-now-generally-available-with-azure-kubernetes/ba-p/4399804">Azure Linux 3.0 now Generally Available with Azure Kubernetes Service v1.32&lt;/a>. Other Cloud Native related highlights this week, include: &lt;a href="https://techcommunity.microsoft.com/t5/apps-on-azure-blog/configure-time-based-scaling-in-azure-container-apps/ba-p/4398327" data-mce-href="https://techcommunity.microsoft.com/t5/apps-on-azure-blog/configure-time-based-scaling-in-azure-container-apps/ba-p/4398327">Configure time-based scaling in Azure Container Apps&lt;/a>, and &lt;a href="https://techcommunity.microsoft.com/t5/startups-at-microsoft/aks-networking-made-easy-your-comprehensive-guide/ba-p/4398603" data-mce-href="https://techcommunity.microsoft.com/t5/startups-at-microsoft/aks-networking-made-easy-your-comprehensive-guide/ba-p/4398603">AKS networking made easy: Your comprehensive guide&lt;/a>, and &lt;a href="https://blog.cloudtrooper.net/2025/04/02/application-gateway-for-containers-a-not-so-gentle-intro-4/" data-mce-href="https://blog.cloudtrooper.net/2025/04/02/application-gateway-for-containers-a-not-so-gentle-intro-4/">Application Gateway for Containers: a not-so-gentle intro 4&lt;/a>. &lt;br> &lt;br> Other interesting articles this week, include: &lt;a href="https://johnlokerse.dev/2025/04/01/azure-bicep-optional-module-names-explained/" data-mce-href="https://johnlokerse.dev/2025/04/01/azure-bicep-optional-module-names-explained/">Azure Bicep optional module names explained&lt;/a>, and &lt;a href="https://techcommunity.microsoft.com/t5/microsoft-security-blog/trusted-signing-public-preview-update/ba-p/4399713" data-mce-href="https://techcommunity.microsoft.com/t5/microsoft-security-blog/trusted-signing-public-preview-update/ba-p/4399713">Trusted Signing Public Preview Update&lt;/a>, and finally: &lt;a href="https://thenewstack.io/hyperlight-wasm-azure-goes-the-final-wasi-mile/" data-mce-href="https://thenewstack.io/hyperlight-wasm-azure-goes-the-final-wasi-mile/">Hyperlight Wasm: Azure Goes the Final Wasi Mile&lt;/a>&lt;/p></description></item></channel></rss>